DROP TABLE ATTENDS;
DROP TABLE BILL;
DROP TABLE VISITOR;
DROP TABLE STUDENT;

DROP TABLE TASKLOG;
DROP TABLE ROOM;
DROP TABLE DININGHALL;

DROP TABLE TASK;
DROP TABLE SUPPLYLOG;
DROP TABLE STAFF;
DROP TABLE SUPPLY;

DROP SEQUENCE BILL_SEQ;
DROP SEQUENCE SUPPLYLOG_SEQ;
DROP SEQUENCE TASK_ID_SEQ;
DROP SEQUENCE Staff_id_sequence;


-- Incrementer for Bill and SUPPLY_LOG
CREATE SEQUENCE BILL_SEQ;
CREATE SEQUENCE SUPPLYLOG_SEQ;
CREATE SEQUENCE TASK_ID_SEQ;
CREATE SEQUENCE Staff_id_sequence;


CREATE TABLE ROOM(
    ID NUMBER(5) PRIMARY KEY,
    BED_CAPACITY NUMBER(1) NOT NULL CHECK (BED_CAPACITY >= 0),
    RESIDING_NUMBER NUMBER(1) DEFAULT 0,
    IS_AVAILABLE CHAR(1) DEFAULT 'T', -- T FOR TRUE, F FOR FALSE    
    CONSTRAINT chk_valid_capacity_residing CHECK (RESIDING_NUMBER <= BED_CAPACITY)
);

CREATE TABLE STUDENT(
    TC NUMBER(11) PRIMARY KEY,
    NAME VARCHAR2(30) NOT NULL, 
    SURNAME VARCHAR2(30) NOT NULL,
    PHONE_NUMBER NUMBER(11),        
    EMERGENCY_CALL NUMBER(11),              -- It is not unique, because siblings can reside in dorm at the same time.
    IS_ABSENT CHAR(1) DEFAULT 'F',          -- T FOR TRUE and student is absent or in holiday, F FOR FALSE and student is Not Absent or not in holiday
    ROOM_ID NUMBER(5)  REFERENCES ROOM(ID) ,
    IS_ACTIVE CHAR(1) DEFAULT 'T'          --if student leaves the dormitory, then ıs_active='F', this is necessary for keeping registers of all students living in this dormitory at least once.
);                                          
    
    
CREATE TABLE DININGHALL(
    DH_DATE DATE PRIMARY KEY,
    SEATING_CAPACITY NUMBER(4) CHECK (SEATING_CAPACITY >= 0),
    MORNING_MENU VARCHAR2(100) NOT NULL,  
    EVENING_MENU VARCHAR2(100) NOT NULL
);


CREATE TABLE ATTENDS(           --if a student have breakfast or dinner in the dininghall, it's records are entered here.
    TC NUMBER(11) REFERENCES STUDENT(TC),
    DH_DATE DATE REFERENCES DININGHALL(DH_DATE),
    PRIMARY KEY(TC,DH_DATE)
);


CREATE TABLE VISITOR(
    TC NUMBER(11) PRIMARY KEY,
    NAME VARCHAR2(30) NOT NULL, 
    SURNAME VARCHAR2(30) NOT NULL,
    VISIT_DATE DATE NOT NULL,
    STD_TC NUMBER(11) REFERENCES STUDENT(TC)
);

CREATE TABLE BILL(
    ID NUMBER(5) PRIMARY KEY,
    ASSIGN_DATE DATE NOT NULL,
    DUE_DATE DATE NOT NULL,
    AMOUNT NUMBER(4) NOT NULL,
    PAY_DATE DATE,
    STD_TC NUMBER(11) REFERENCES STUDENT(TC),
    CONSTRAINT chk_due_date_after_assign CHECK (DUE_DATE >= ASSIGN_DATE)
);

CREATE TABLE TASK(
    ID NUMBER(5) PRIMARY KEY,
    TASK_DESCRIPTION VARCHAR2(50)
);

CREATE TABLE STAFF(
    ID NUMBER(5) PRIMARY KEY,
    NAME VARCHAR2(30) NOT NULL, 
    SURNAME VARCHAR2(30) NOT NULL,
    JOB_TITLE VARCHAR2(30),
    SALARY NUMBER(7,2) CHECK(SALARY>0), 
    IS_AVAILABLE CHAR(1) DEFAULT 'T' CHECK(IS_AVAILABLE IN('T','F')),
    IS_ACTIVE CHAR(1) DEFAULT 'T'   --if staff leaves the job, we keep him/her in passive state so ıs_active='F', so that we can keep old records of this person in database system
);

CREATE TABLE TASKLOG(            
    ID NUMBER(5) PRIMARY KEY,
    ASSIGN_DATE DATE NOT NULL,
    COMPLETION DATE,
    TASK_ID REFERENCES TASK(ID),
    STAFF_ID REFERENCES STAFF(ID), 
    ROOM_ID REFERENCES ROOM(ID),
    DININGHALL_DATE REFERENCES DININGHALL(DH_DATE)
);

CREATE TABLE SUPPLY(
    ID NUMBER(5) PRIMARY KEY,  
    NAME VARCHAR2(30) NOT NULL, 
    QUANTITY NUMBER(5) CHECK (QUANTITY >= 0),  --total quantity of the supply, which is increased by amount attribute of supplylogs
    SUPPLIER VARCHAR2(30),
    PRICE_PER_UNIT NUMBER(5,2) CHECK (PRICE_PER_UNIT >= 0)
);

CREATE TABLE SUPPLYLOG(
    ID NUMBER(5) PRIMARY KEY,
    AMOUNT NUMBER(5),
    SUP_DATE DATE,
    STAFF_ID NUMBER(5) REFERENCES STAFF(ID),    --staff id is required to know who bouhgt this supply 
    SUPPLY_ID NUMBER(5) REFERENCES SUPPLY(ID),
    CONSTRAINT chk_amount_positive CHECK (AMOUNT >= 0)
);

-- --------- TRIGGERS -----------------------------------------------------------
-- A trigger for assigning a student into an available room after insertion of this student to the database.
CREATE OR REPLACE TRIGGER assign_room
BEFORE INSERT ON STUDENT
FOR EACH ROW
DECLARE
   room_count NUMBER;
   v_room_id ROOM.ID%TYPE;
   v_is_available CHAR(1);
BEGIN
   SELECT COUNT(*) INTO room_count
   FROM ROOM
   WHERE IS_AVAILABLE = 'T';

   IF room_count = 0 THEN
      RAISE_APPLICATION_ERROR(-20001, 'No available room found.');
   END IF;

   -- Assign student to a room
   SELECT ID, IS_AVAILABLE INTO v_room_id, v_is_available
   FROM (
      SELECT R.ID, R.IS_AVAILABLE
      FROM ROOM R
      LEFT JOIN STUDENT S ON R.ID = S.ROOM_ID
      WHERE R.IS_AVAILABLE = 'T'
      GROUP BY R.ID, R.BED_CAPACITY, R.IS_AVAILABLE
      HAVING COUNT(S.TC) < R.BED_CAPACITY
      ORDER BY R.ID
   )
   WHERE ROWNUM = 1;

   IF v_is_available = 'T' THEN
      :NEW.ROOM_ID := v_room_id;

      -- Update residing_number of room table
      UPDATE ROOM
      SET RESIDING_NUMBER = RESIDING_NUMBER + 1
      WHERE ID = :NEW.ROOM_ID;
   ELSE
      RAISE_APPLICATION_ERROR(-20001, 'No available room found.');
   END IF;

EXCEPTION
   WHEN NO_DATA_FOUND THEN
      RAISE_APPLICATION_ERROR(-20001, 'No available room found.');

END assign_room;
/


-- Preventing student update command when student is tried to move a full room trigger.
CREATE OR REPLACE TRIGGER update_student_room
BEFORE UPDATE ON STUDENT
FOR EACH ROW
DECLARE
 room_count NUMBER;
BEGIN
 SELECT COUNT(*) INTO room_count
 FROM ROOM
 WHERE ID = :NEW.ROOM_ID
 AND RESIDING_NUMBER >= BED_CAPACITY;

 IF room_count > 0 THEN
    RAISE_APPLICATION_ERROR(-20001, 'Room is already full.');
 END IF;

 -- Update student room_id
 :NEW.ROOM_ID := :NEW.ROOM_ID;

 -- Update residing_number of room table
 UPDATE ROOM
 SET RESIDING_NUMBER = RESIDING_NUMBER + 1
 WHERE ID = :NEW.ROOM_ID;

 UPDATE ROOM
 SET RESIDING_NUMBER = RESIDING_NUMBER - 1
 WHERE ID = :OLD.ROOM_ID;

EXCEPTION
 WHEN NO_DATA_FOUND THEN
    Raise_application_error(-20001, 'That room is full.');

END update_student_room;
/

-- Assigning a bill when a new student is inserted to database trigger.
-- Amount of payment is 400 by default, it should be changed with actual value
CREATE OR REPLACE TRIGGER ASSIGN_BILLS_TRIGGER
AFTER INSERT ON STUDENT
FOR EACH ROW
DECLARE
    v_bill_id NUMBER;
BEGIN
    -- Incrementer for Bill id
    SELECT BILL_SEQ.NEXTVAL INTO v_bill_id FROM DUAL;

    -- Assigning a bill
    INSERT INTO BILL (ID, ASSIGN_DATE, DUE_DATE, AMOUNT, STD_TC)
    VALUES (v_bill_id, TRUNC(SYSDATE, 'MM'), ADD_MONTHS(TRUNC(SYSDATE, 'MM'), 1) - 1, 400, :NEW.TC);
END;
/


-- This trigger provides that Supply log insertion without giving ID, Date exclusively in insert statement.
-- And also QUANTITY field of supply incremented by AMOUNT of SUPPLY_LOG
CREATE OR REPLACE TRIGGER SUPPLY_LOG_TRIGGER
BEFORE INSERT ON SUPPLYLOG
FOR EACH ROW
DECLARE
    V_SUPPLY_ID SUPPLY.ID%TYPE;
    V_AMOUNT NUMBER;
BEGIN
    -- Check if SUPPLY_ID exists in SUPPLY table
    SELECT ID, QUANTITY
    INTO V_SUPPLY_ID, V_AMOUNT
    FROM SUPPLY
    WHERE ID = :NEW.SUPPLY_ID;

    -- If SUPPLY_ID exists, update SUP_DATE and assign the next ID
    IF V_SUPPLY_ID IS NOT NULL THEN
        -- Increment the QUANTITY_IN_STOCK by the Amount in SUPPLY_LOG
        UPDATE SUPPLY
        SET QUANTITY = V_AMOUNT + :NEW.AMOUNT
        WHERE ID = :NEW.SUPPLY_ID;

        :NEW.SUP_DATE := SYSDATE;
        SELECT SUPPLYLOG_SEQ.NEXTVAL INTO :NEW.ID FROM DUAL;
    END IF;
EXCEPTION
    WHEN NO_DATA_FOUND THEN
        RAISE_APPLICATION_ERROR(-20001, 'Error: SUPPLY not found in SUPPLY table.');
END;
/

-- Assigning increasing ID number to newly inserted Task description
CREATE OR REPLACE TRIGGER TASK_ID_TRIGGER
BEFORE INSERT ON TASK
FOR EACH ROW
DECLARE
    v_task_id NUMBER;
BEGIN
    -- Incrementer of TASK_ID
    SELECT TASK_ID_SEQ.NEXTVAL INTO v_task_id FROM DUAL;

    -- Assigning TASK_ID
    :NEW.ID := v_task_id;
END;
/

-- Increments Staff ID automatically before insertion.
CREATE OR REPLACE TRIGGER INCREMENT_STAFF_ID_TRIGGER
BEFORE INSERT ON STAFF
FOR EACH ROW
BEGIN
    :NEW.ID := Staff_id_sequence.NEXTVAL;
END;
/

-- Updating room of deleted student trigger
--if student leaves the dormitory, residing number of his/her room is decreased by 1.
CREATE OR REPLACE TRIGGER student_active_passive_update_trigger
AFTER UPDATE OF IS_ACTIVE ON STUDENT
FOR EACH ROW
DECLARE
  v_room_id NUMBER(5);
BEGIN
  
  SELECT ROOM_ID INTO v_room_id
  FROM student
  WHERE TC = :OLD.TC;

  UPDATE room
  SET RESIDING_NUMBER = RESIDING_NUMBER - 1
  WHERE ID = v_room_id;
END;
/

-- Insertion, Deletion, Update record samples -----------

-- Insert 20 data into ROOM table
INSERT INTO ROOM (ID, BED_CAPACITY) VALUES (1, 4);
INSERT INTO ROOM (ID, BED_CAPACITY) VALUES (2, 4);
INSERT INTO ROOM (ID, BED_CAPACITY, IS_AVAILABLE) VALUES (3, 4, 'F');
INSERT INTO ROOM (ID, BED_CAPACITY) VALUES (4, 4);
INSERT INTO ROOM (ID, BED_CAPACITY) VALUES (5, 4);
INSERT INTO ROOM (ID, BED_CAPACITY) VALUES (6, 4);
INSERT INTO ROOM (ID, BED_CAPACITY) VALUES (7, 4);
INSERT INTO ROOM (ID, BED_CAPACITY) VALUES (8, 4);
INSERT INTO ROOM (ID, BED_CAPACITY) VALUES (9, 4);
INSERT INTO ROOM (ID, BED_CAPACITY) VALUES (10, 4);
INSERT INTO ROOM (ID, BED_CAPACITY) VALUES (11, 4);
INSERT INTO ROOM (ID, BED_CAPACITY) VALUES (12, 4);
INSERT INTO ROOM (ID, BED_CAPACITY) VALUES (13, 4);
INSERT INTO ROOM (ID, BED_CAPACITY) VALUES (14, 4);
INSERT INTO ROOM (ID, BED_CAPACITY) VALUES (15, 4);
INSERT INTO ROOM (ID, BED_CAPACITY) VALUES (16, 4);
INSERT INTO ROOM (ID, BED_CAPACITY) VALUES (17, 4);
INSERT INTO ROOM (ID, BED_CAPACITY) VALUES (18, 4);
INSERT INTO ROOM (ID, BED_CAPACITY) VALUES (19, 4);
INSERT INTO ROOM (ID, BED_CAPACITY) VALUES (20, 4);

-- Insert data into STUDENT table
INSERT INTO STUDENT (TC, NAME, SURNAME, PHONE_NUMBER, EMERGENCY_CALL) VALUES (11111111111, 'Mehmet', 'Cenk', 05554443301, 05554443321);
INSERT INTO STUDENT (TC, NAME, SURNAME, PHONE_NUMBER, EMERGENCY_CALL) VALUES (11111111112, 'Cenk', 'Kaya', 05554443302, 05554443322);
INSERT INTO STUDENT (TC, NAME, SURNAME, PHONE_NUMBER, EMERGENCY_CALL) VALUES (11111111113, 'Emre', 'Yılmaz', 05554443303, 05554443323);
INSERT INTO STUDENT (TC, NAME, SURNAME, PHONE_NUMBER, EMERGENCY_CALL) VALUES (11111111116, 'Eren', 'Yılmaz', 05554443304, 05554443324);
INSERT INTO STUDENT (TC, NAME, SURNAME, PHONE_NUMBER, EMERGENCY_CALL) VALUES (11111111115, 'Deniz', 'Demir', 05554443305, 05554443325);
INSERT INTO STUDENT (TC, NAME, SURNAME, PHONE_NUMBER, EMERGENCY_CALL) VALUES (11111111114, 'Yılmaz', 'Yıldız', 05554443306, 05554443326);
INSERT INTO STUDENT (TC, NAME, SURNAME, PHONE_NUMBER, EMERGENCY_CALL) VALUES (23456789012, 'Gündüz', 'Kızıltaş', 05554443307, 05554443327);
INSERT INTO STUDENT (TC, NAME, SURNAME, PHONE_NUMBER, EMERGENCY_CALL) VALUES (34567890123, 'Furkan', 'Toker', 05554443308, 05554443328);
INSERT INTO STUDENT (TC, NAME, SURNAME, PHONE_NUMBER, EMERGENCY_CALL) VALUES (45678901234, 'Tuna', 'Özkara', 05554443309, 05554443329);
INSERT INTO STUDENT (TC, NAME, SURNAME, PHONE_NUMBER, EMERGENCY_CALL) VALUES (56789012346, 'Ahmet', 'Gündüz', 05554443310, 05554443330);
INSERT INTO STUDENT (TC, NAME, SURNAME, PHONE_NUMBER, EMERGENCY_CALL) VALUES (67890123467, 'Hale', 'Tuna', 05554443311, 05554443331);
INSERT INTO STUDENT (TC, NAME, SURNAME, PHONE_NUMBER, EMERGENCY_CALL) VALUES (78901234678, 'Burak', 'Büyük', 05554443312, 05554443332);
INSERT INTO STUDENT (TC, NAME, SURNAME, PHONE_NUMBER, EMERGENCY_CALL) VALUES (89012345789, 'Cemal', 'Savaş', 05554443313, 05554443333);
INSERT INTO STUDENT (TC, NAME, SURNAME, PHONE_NUMBER, EMERGENCY_CALL) VALUES (90123457890, 'Ali', 'Tunçer', 05554443314, 05554443334);
INSERT INTO STUDENT (TC, NAME, SURNAME, PHONE_NUMBER, EMERGENCY_CALL) VALUES (12345689012, 'Tunç', 'Bolat', 05554443315, 05554443335);
INSERT INTO STUDENT (TC, NAME, SURNAME, PHONE_NUMBER, EMERGENCY_CALL) VALUES (23456890123, 'Savaş', 'Çam', 05554443316, 05554443336);
INSERT INTO STUDENT (TC, NAME, SURNAME, PHONE_NUMBER, EMERGENCY_CALL) VALUES (23416890123, 'Tuncer', 'Atik', 05554443317, 05554443337);
INSERT INTO STUDENT (TC, NAME, SURNAME, PHONE_NUMBER, EMERGENCY_CALL) VALUES (20456890183, 'Hüsnü', 'Çoban', 05554443318, 05554443338);
INSERT INTO STUDENT (TC, NAME, SURNAME, PHONE_NUMBER, EMERGENCY_CALL) VALUES (23453890127, 'Ziya', 'Yılmaz', 05554443319, 05554443339);
INSERT INTO STUDENT (TC, NAME, SURNAME, PHONE_NUMBER, EMERGENCY_CALL) VALUES (23656810123, 'Dündar', 'Dinç', 05554443320, 05554443340);
INSERT INTO STUDENT (TC, NAME, SURNAME, PHONE_NUMBER, EMERGENCY_CALL) VALUES (23657890123, 'Mustafa', 'Kara', 05554443341, 05554443361);
INSERT INTO STUDENT (TC, NAME, SURNAME, PHONE_NUMBER, EMERGENCY_CALL) VALUES (23456890234, 'Ahmet', 'Şahin', 05554443342, 05554443362);
INSERT INTO STUDENT (TC, NAME, SURNAME, PHONE_NUMBER, EMERGENCY_CALL) VALUES (20456890567, 'Burak', 'Kaya', 05554443343, 05554443363);
INSERT INTO STUDENT (TC, NAME, SURNAME, PHONE_NUMBER, EMERGENCY_CALL) VALUES (23453890456, 'Sefa', 'Koç', 05554443344, 05554443364);
INSERT INTO STUDENT (TC, NAME, SURNAME, PHONE_NUMBER, EMERGENCY_CALL) VALUES (23656810789, 'Berkay', 'Arslan', 05554443345, 05554443365);
INSERT INTO STUDENT (TC, NAME, SURNAME, PHONE_NUMBER, EMERGENCY_CALL) VALUES (23656810901, 'Yusuf', 'Güner', 05554443346, 05554443366);
INSERT INTO STUDENT (TC, NAME, SURNAME, PHONE_NUMBER, EMERGENCY_CALL) VALUES (23656811012, 'Mert', 'Kurt', 05554443347, 05554443367);
INSERT INTO STUDENT (TC, NAME, SURNAME, PHONE_NUMBER, EMERGENCY_CALL) VALUES (23656811123, 'Can', 'Aydın', 05554443348, 05554443368);
INSERT INTO STUDENT (TC, NAME, SURNAME, PHONE_NUMBER, EMERGENCY_CALL) VALUES (23656811234, 'Baran', 'Yıldırım', 05554443349, 05554443369);
INSERT INTO STUDENT (TC, NAME, SURNAME, PHONE_NUMBER, EMERGENCY_CALL) VALUES (23656811345, 'Ogün', 'Acar', 05554443350, 05554443370);
INSERT INTO STUDENT (TC, NAME, SURNAME, PHONE_NUMBER, EMERGENCY_CALL) VALUES (23656811456, 'Caner', 'Kurtuluş', 05554443351, 05554443371);
INSERT INTO STUDENT (TC, NAME, SURNAME, PHONE_NUMBER, EMERGENCY_CALL) VALUES (23656811567, 'Murat', 'Öztürk', 05554443352, 05554443372);
INSERT INTO STUDENT (TC, NAME, SURNAME, PHONE_NUMBER, EMERGENCY_CALL) VALUES (23656811678, 'Oktay', 'Göktürk', 05554443353, 05554443373);
INSERT INTO STUDENT (TC, NAME, SURNAME, PHONE_NUMBER, EMERGENCY_CALL) VALUES (23656811789, 'Emir', 'Alkan', 05554443354, 05554443374);
INSERT INTO STUDENT (TC, NAME, SURNAME, PHONE_NUMBER, EMERGENCY_CALL) VALUES (23656811901, 'Emre', 'Öztürk', 05554443355, 05554443375);
INSERT INTO STUDENT (TC, NAME, SURNAME, PHONE_NUMBER, EMERGENCY_CALL) VALUES (23656812012, 'Ahmet', 'Güngör', 05554443356, 05554443376);
INSERT INTO STUDENT (TC, NAME, SURNAME, PHONE_NUMBER, EMERGENCY_CALL) VALUES (23656812123, 'Deniz', 'Kara', 05554443357, 05554443377);
INSERT INTO STUDENT (TC, NAME, SURNAME, PHONE_NUMBER, EMERGENCY_CALL) VALUES (23656812234, 'Onur', 'Erdoğan', 05554443358, 05554443378);
INSERT INTO STUDENT (TC, NAME, SURNAME, PHONE_NUMBER, EMERGENCY_CALL) VALUES (23656812345, 'Yiğit', 'Ergün', 05554443359, 05554443379);
INSERT INTO STUDENT (TC, NAME, SURNAME, PHONE_NUMBER, EMERGENCY_CALL) VALUES (23656812456, 'Mert', 'Yılmaz', 05554443360, 05554443380);

INSERT INTO STUDENT (TC, NAME, SURNAME, PHONE_NUMBER, EMERGENCY_CALL) VALUES (23651890123, 'Efe', 'Demir', 05554443381, 05554443391);
INSERT INTO STUDENT (TC, NAME, SURNAME, PHONE_NUMBER, EMERGENCY_CALL) VALUES (23436890234, 'Oğuz', 'Arslan', 05554443382, 05554443392);
INSERT INTO STUDENT (TC, NAME, SURNAME, PHONE_NUMBER, EMERGENCY_CALL) VALUES (20756890567, 'Ali', 'Yıldırım', 05554443383, 05554443393);
INSERT INTO STUDENT (TC, NAME, SURNAME, PHONE_NUMBER, EMERGENCY_CALL) VALUES (23953890456, 'Yunus', 'Aydın', 05554443384, 05554443394);
INSERT INTO STUDENT (TC, NAME, SURNAME, PHONE_NUMBER, EMERGENCY_CALL) VALUES (23656800789, 'Kerem', 'Kurt', 05554443385, 05554443395);
INSERT INTO STUDENT (TC, NAME, SURNAME, PHONE_NUMBER, EMERGENCY_CALL) VALUES (23656860901, 'İbrahim', 'Kaya', 05554443386, 05554443396);
INSERT INTO STUDENT (TC, NAME, SURNAME, PHONE_NUMBER, EMERGENCY_CALL) VALUES (23659811012, 'Furkan', 'Acar', 05554443387, 05554443397);
INSERT INTO STUDENT (TC, NAME, SURNAME, PHONE_NUMBER, EMERGENCY_CALL) VALUES (23456811123, 'Emirhan', 'Yıldız', 05554443388, 05554443398);
INSERT INTO STUDENT (TC, NAME, SURNAME, PHONE_NUMBER, EMERGENCY_CALL) VALUES (23656817234, 'Metehan', 'Kurtuluş', 05554443389, 05554443399);
INSERT INTO STUDENT (TC, NAME, SURNAME, PHONE_NUMBER, EMERGENCY_CALL) VALUES (23656861345, 'Fikret', 'Öztürk', 05554443390, 05554443400);
INSERT INTO STUDENT (TC, NAME, SURNAME, PHONE_NUMBER, EMERGENCY_CALL) VALUES (23656891456, 'Oğuzhan', 'Göktürk',05554443401, 05554443411);
INSERT INTO STUDENT (TC, NAME, SURNAME, PHONE_NUMBER, EMERGENCY_CALL) VALUES (23656811467, 'Kaan', 'Alkan',   05554443402, 05554443412);
INSERT INTO STUDENT (TC, NAME, SURNAME, PHONE_NUMBER, EMERGENCY_CALL) VALUES (23654811678, 'Kağan', 'Öztürk', 05554443403, 05554443413);
INSERT INTO STUDENT (TC, NAME, SURNAME, PHONE_NUMBER, EMERGENCY_CALL) VALUES (23636811789, 'Halil', 'Güner',  05554443404, 05554443414);
INSERT INTO STUDENT (TC, NAME, SURNAME, PHONE_NUMBER, EMERGENCY_CALL) VALUES (25656811901, 'Emre', 'Kurtuluş',05554443405, 05554443415);
INSERT INTO STUDENT (TC, NAME, SURNAME, PHONE_NUMBER, EMERGENCY_CALL) VALUES (29656812012, 'Yasin', 'Güngör', 05554443406, 05554443416);
INSERT INTO STUDENT (TC, NAME, SURNAME, PHONE_NUMBER, EMERGENCY_CALL) VALUES (23636812123, 'Serkan', 'Kara',  05554443407, 05554443417);
INSERT INTO STUDENT (TC, NAME, SURNAME, PHONE_NUMBER, EMERGENCY_CALL) VALUES (23676812234, 'Erhan', 'Erdoğan',05554443408, 05554443418);
INSERT INTO STUDENT (TC, NAME, SURNAME, PHONE_NUMBER, EMERGENCY_CALL) VALUES (13656812345, 'Sercan', 'Ergün', 05554443409, 05554443419);
INSERT INTO STUDENT (TC, NAME, SURNAME, PHONE_NUMBER, EMERGENCY_CALL) VALUES (13656812456, 'Samet', 'Yılmaz', 05554443410, 05554443420);


-- Insert staff members into Staff table
INSERT INTO STAFF (NAME, SURNAME, JOB_TITLE, SALARY) VALUES ('Ahmet', 'Temiz', 'Cleaner', 11500);
INSERT INTO STAFF (NAME, SURNAME, JOB_TITLE, SALARY) VALUES ('Mustafa', 'Kale', 'Deputy Manager', 17500);
INSERT INTO STAFF (NAME, SURNAME, JOB_TITLE, SALARY) VALUES ('Mehmet', 'Ersan', 'Deputy Manager', 17500);
INSERT INTO STAFF (NAME, SURNAME, JOB_TITLE, SALARY) VALUES ('İsmail', 'Uçum', 'Security', 11500);
INSERT INTO STAFF (NAME, SURNAME, JOB_TITLE, SALARY) VALUES ('Doğukan', 'Şapçı', 'Repairer', 12500);
INSERT INTO STAFF (NAME, SURNAME, JOB_TITLE, SALARY) VALUES ('Hayri', 'Aşçı', 'Cleaner', 11500);
INSERT INTO STAFF (NAME, SURNAME, JOB_TITLE, SALARY) VALUES ('Ali', 'Karahanlı', 'IT Specialist', 19500);
INSERT INTO STAFF (NAME, SURNAME, JOB_TITLE, SALARY) VALUES ('Veli', 'Küçük', 'Maintenance', 13510);
INSERT INTO STAFF (NAME, SURNAME, JOB_TITLE, SALARY) VALUES ('Fatih', 'Kara', 'Cleaner', 11500);
INSERT INTO STAFF (NAME, SURNAME, JOB_TITLE, SALARY) VALUES ('Burak', 'Şanlı', 'Accountant', 11500);
INSERT INTO STAFF (NAME, SURNAME, JOB_TITLE, SALARY) VALUES ('Hüsrev', 'Bekiroğlu', 'Librarian', 11500);
INSERT INTO STAFF (NAME, SURNAME, JOB_TITLE, SALARY) VALUES ('Ercan', 'Çetin', 'Gardener', 12000);
INSERT INTO STAFF (NAME, SURNAME, JOB_TITLE, SALARY) VALUES ('Aslan', 'Akbey', 'Manager', 22500);
INSERT INTO STAFF (NAME, SURNAME, JOB_TITLE, SALARY) VALUES ('Okan', 'Çakır', 'Tutor', 17500);
INSERT INTO STAFF (NAME, SURNAME, JOB_TITLE, SALARY) VALUES ('Deniz', 'Baş', 'Electrician', 14500);
INSERT INTO STAFF (NAME, SURNAME, JOB_TITLE, SALARY) VALUES ('Cem', 'Yılmaz', 'Fitness Trainer', 14500);
INSERT INTO STAFF (NAME, SURNAME, JOB_TITLE, SALARY) VALUES ('Eren', 'Eylül', 'Therapist', 16500);
INSERT INTO STAFF (NAME, SURNAME, JOB_TITLE, SALARY) VALUES ('Mert', 'Demir', 'Food Engineer', 11500);
INSERT INTO STAFF (NAME, SURNAME, JOB_TITLE, SALARY) VALUES ('İsmet', 'Turan', 'Cleaner', 11500);
INSERT INTO STAFF (NAME, SURNAME, JOB_TITLE, SALARY) VALUES ('Cevdet', 'Sülün', 'Cleaner', 11500);

-- Insert data into SUPPLY table
INSERT INTO SUPPLY VALUES (1, 'Paper', 100, 'Office Supplies Inc.', 2.5);
INSERT INTO SUPPLY VALUES (2, 'Toilet Paper', 200, 'Cleaning Supplies Co.', 1.5);
INSERT INTO SUPPLY VALUES (3, 'Dish Soap', 50, 'Kitchen Supplies Ltd.', 3.0);
INSERT INTO SUPPLY VALUES (4, 'Bed Sheets', 50, 'Bedding Emporium', 15.0);
INSERT INTO SUPPLY VALUES (5, 'Desk Chair', 20, 'Furniture World', 50.0);
INSERT INTO SUPPLY VALUES (6, 'Mini Fridge', 30, 'Appliance Center', 120.0);
INSERT INTO SUPPLY VALUES (7, 'Microwave', 25, 'Kitchen Appliances Inc.', 80.0);
INSERT INTO SUPPLY VALUES (8, 'Storage Bins', 40, 'OrganizeIt All', 10.0);
INSERT INTO SUPPLY VALUES (9, 'Laundry Hamper', 35, 'Home Essentials', 12.5);
INSERT INTO SUPPLY VALUES (10, 'Desk Organizer', 15, 'Office Solutions Ltd.', 8.0);
INSERT INTO SUPPLY VALUES (11, 'Pillow Set', 60, 'Bedding Haven', 20.0);
INSERT INTO SUPPLY VALUES (12, 'Shower Caddy', 25, 'Bathroom Essentials Co.', 5.0);
INSERT INTO SUPPLY VALUES (13, 'Towels', 40, 'Soft & Fluffy Linens', 6.0);
INSERT INTO SUPPLY VALUES (14, 'Cookware Set', 10, 'Kitchen Essentials Inc.', 40.0);
INSERT INTO SUPPLY VALUES (15, 'Trash Can', 20, 'Cleaning Solutions Co.', 15.0);
INSERT INTO SUPPLY VALUES (16, 'Hangers', 50, 'Closet Organizers Ltd.', 1.0);
INSERT INTO SUPPLY VALUES (17, 'Study Desk', 15, 'Furniture Designs Ltd.', 75.0);
INSERT INTO SUPPLY VALUES (18, 'Alarm Clock', 30, 'Tech Gadgets Co.', 12.0);
INSERT INTO SUPPLY VALUES (19, 'Rug', 10, 'Home Decor Boutique', 25.0);
INSERT INTO SUPPLY VALUES (20, 'Shower Curtain', 20, 'Bathroom Accessories Inc.', 8.0);


-- Insert data into SUPPLY_LOG table
INSERT INTO SUPPLYLOG (AMOUNT, STAFF_ID, SUPPLY_ID) VALUES (50, 1, 1);
INSERT INTO SUPPLYLOG (AMOUNT, STAFF_ID, SUPPLY_ID) VALUES (30, 2, 2);
INSERT INTO SUPPLYLOG (AMOUNT, STAFF_ID, SUPPLY_ID) VALUES (25, 3, 3);
INSERT INTO SUPPLYLOG (AMOUNT, STAFF_ID, SUPPLY_ID) VALUES (40, 4, 4);
INSERT INTO SUPPLYLOG (AMOUNT, STAFF_ID, SUPPLY_ID) VALUES (20, 5, 5);
INSERT INTO SUPPLYLOG (AMOUNT, STAFF_ID, SUPPLY_ID) VALUES (15, 6, 6);
INSERT INTO SUPPLYLOG (AMOUNT, STAFF_ID, SUPPLY_ID) VALUES (10, 7, 7);
INSERT INTO SUPPLYLOG (AMOUNT, STAFF_ID, SUPPLY_ID) VALUES (35, 8, 8);
INSERT INTO SUPPLYLOG (AMOUNT, STAFF_ID, SUPPLY_ID) VALUES (18, 9, 9);
INSERT INTO SUPPLYLOG (AMOUNT, STAFF_ID, SUPPLY_ID) VALUES (22, 10, 10);
INSERT INTO SUPPLYLOG (AMOUNT, STAFF_ID, SUPPLY_ID) VALUES (28, 11, 11);
INSERT INTO SUPPLYLOG (AMOUNT, STAFF_ID, SUPPLY_ID) VALUES (15, 12, 12);
INSERT INTO SUPPLYLOG (AMOUNT, STAFF_ID, SUPPLY_ID) VALUES (50, 13, 13);
INSERT INTO SUPPLYLOG (AMOUNT, STAFF_ID, SUPPLY_ID) VALUES (30, 14, 14);
INSERT INTO SUPPLYLOG (AMOUNT, STAFF_ID, SUPPLY_ID) VALUES (45, 15, 15);
INSERT INTO SUPPLYLOG (AMOUNT, STAFF_ID, SUPPLY_ID) VALUES (10, 16, 16);
INSERT INTO SUPPLYLOG (AMOUNT, STAFF_ID, SUPPLY_ID) VALUES (20, 17, 17);
INSERT INTO SUPPLYLOG (AMOUNT, STAFF_ID, SUPPLY_ID) VALUES (12, 18, 18);
INSERT INTO SUPPLYLOG (AMOUNT, STAFF_ID, SUPPLY_ID) VALUES (30, 19, 19);
INSERT INTO SUPPLYLOG (AMOUNT, STAFF_ID, SUPPLY_ID) VALUES (25, 20, 20);


-- DININGHALL Table
INSERT INTO DININGHALL (DH_DATE, SEATING_CAPACITY, MORNING_MENU, EVENING_MENU) VALUES
('01-01-2024', 150, 'Simit, Beyaz Peynir, Zeytin, Domates, Salatalık, Çay', 'Karnabahar Yemeği, Pilav, Cacık');

INSERT INTO DININGHALL (DH_DATE, SEATING_CAPACITY, MORNING_MENU, EVENING_MENU) VALUES
('01-02-2024', 120, 'Menemen, Pastırma, Sucuk, Kaşar Peyniri, Zeytin, Çay', 'Fırın Tavuk, Pilav, Şehriyeli Yoğurtlu Çorba');

INSERT INTO DININGHALL (DH_DATE, SEATING_CAPACITY, MORNING_MENU, EVENING_MENU) VALUES
('01-03-2024', 180, 'Tost, Yumurta, Süt', 'Balık Izgara, Bulgur Pilavı, Yeşillik Salatası');

INSERT INTO DININGHALL (DH_DATE, SEATING_CAPACITY, MORNING_MENU, EVENING_MENU) VALUES
('01-04-2024', 200, 'Gözleme, Ayran', 'Sebzeli Kuzu Güveç, Bulgur Pilavı, Cacık');

INSERT INTO DININGHALL (DH_DATE, SEATING_CAPACITY, MORNING_MENU, EVENING_MENU) VALUES
('01-05-2024', 160, 'Sucuklu Yumurta, Simit, Domates, Salatalık, Çay', 'Ali Nazik Kebabı, Pilav, Yoğurtlu Meze');

INSERT INTO DININGHALL (DH_DATE, SEATING_CAPACITY, MORNING_MENU, EVENING_MENU) VALUES
('01-06-2024', 140, 'Peynirli Omlet, Ayran', 'Hünkar Beğendi, Tavuklu Nohut Yemeği, Pide');

INSERT INTO DININGHALL (DH_DATE, SEATING_CAPACITY, MORNING_MENU, EVENING_MENU) VALUES
('01-07-2024', 170, 'Yumurta Salatası, Zeytin, Beyaz Peynir, Simit, Çay', 'Karnıyarık, Bulgur Pilavı, Şehriyeli Yoğurtlu Çorba');

INSERT INTO DININGHALL (DH_DATE, SEATING_CAPACITY, MORNING_MENU, EVENING_MENU) VALUES
('01-08-2024', 190, 'Peynirli Börek, Zeytin, Çay', 'Mantarlı Et Sote, Pilav, Haydari');

INSERT INTO DININGHALL (DH_DATE, SEATING_CAPACITY, MORNING_MENU, EVENING_MENU) VALUES
('01-09-2024', 130, 'Akıtma ve Kaymak, Bal, Çay', 'Zeytinyağlı Yaprak Sarma, Yoğurtlu Semizotu Salatası');

INSERT INTO DININGHALL (DH_DATE, SEATING_CAPACITY, MORNING_MENU, EVENING_MENU) VALUES
('01-10-2024', 150, 'Reçelli Ekmek, Tereyağı, Çay', 'Kumpir, Salata, Közlenmiş Patlıcan');

INSERT INTO DININGHALL (DH_DATE, SEATING_CAPACITY, MORNING_MENU, EVENING_MENU) VALUES
('01-11-2024', 180, 'Menemen, Pastırma, Simit, Peynir, Zeytin, Çay', 'Fırın Balık, Pirinç Pilavı, Yoğurtlu Semizotu');

INSERT INTO DININGHALL (DH_DATE, SEATING_CAPACITY, MORNING_MENU, EVENING_MENU) VALUES
('01-12-2024', 160, 'Açma, Kaşar Peyniri, Domates, Zeytin, Çay', 'Kuzu Tandır, Bulgur Pilavı, Cacık');

INSERT INTO DININGHALL (DH_DATE, SEATING_CAPACITY, MORNING_MENU, EVENING_MENU) VALUES
('01-13-2024', 200, 'Kuymak, Sucuk, Yumurta, Simit, Çay', 'Tavuklu Mantar Sote, Pilav, Şehriyeli Yoğurtlu Çorba');

INSERT INTO DININGHALL (DH_DATE, SEATING_CAPACITY, MORNING_MENU, EVENING_MENU) VALUES
('01-14-2024', 140, 'Yumurtalı Ispanak, Beyaz Peynir, Zeytin, Çay', 'Karnabahar Kızartması, Bulgur Pilavı, Haydari');

INSERT INTO DININGHALL (DH_DATE, SEATING_CAPACITY, MORNING_MENU, EVENING_MENU) VALUES
('01-15-2024', 170, 'Gözleme, Ayran', 'Fırın Tavuk, Pilav, Yoğurtlu Meze');

INSERT INTO DININGHALL (DH_DATE, SEATING_CAPACITY, MORNING_MENU, EVENING_MENU) VALUES
('01-16-2024', 190, 'Peynirli Poğaça, Zeytin, Çay', 'Balık Izgara, Bulgur Pilavı, Şehriyeli Yoğurtlu Salata');

INSERT INTO DININGHALL (DH_DATE, SEATING_CAPACITY, MORNING_MENU, EVENING_MENU) VALUES
('01-17-2024', 130, 'Kaygana, Sucuk, Domates, Salatalık, Çay', 'Karnıyarık, Pilav, Cacık');

INSERT INTO DININGHALL (DH_DATE, SEATING_CAPACITY, MORNING_MENU, EVENING_MENU) VALUES
('01-18-2024', 150, 'Simit, Beyaz Peynir, Çay', 'Tavuk Güveç, Pilav, Baklava');

INSERT INTO DININGHALL (DH_DATE, SEATING_CAPACITY, MORNING_MENU, EVENING_MENU) VALUES
('01-19-2024', 120, 'Kahvaltı Tabağı, Çay', 'Etli Güveç, Pilav, Cacık');

INSERT INTO DININGHALL (DH_DATE, SEATING_CAPACITY, MORNING_MENU, EVENING_MENU) VALUES
('01-20-2024', 160, 'Omlet, Simit, Zeytin, Beyaz Peynir, Çay', 'Mercimek Çorbası, Izgara Tavuk, Pilav');




-- ATTENDS Table
INSERT INTO ATTENDS (TC, DH_DATE) VALUES (90123457890, '01-01-2024');
INSERT INTO ATTENDS (TC, DH_DATE) VALUES (11111111112, '01-01-2024');
INSERT INTO ATTENDS (TC, DH_DATE) VALUES (11111111113, '01-01-2024');
INSERT INTO ATTENDS (TC, DH_DATE) VALUES (11111111116, '01-01-2024');
INSERT INTO ATTENDS (TC, DH_DATE) VALUES (11111111115, '01-01-2024');
INSERT INTO ATTENDS (TC, DH_DATE) VALUES (11111111114, '01-01-2024');
INSERT INTO ATTENDS (TC, DH_DATE) VALUES (23456789012, '01-01-2024');
INSERT INTO ATTENDS (TC, DH_DATE) VALUES (34567890123, '01-01-2024');
INSERT INTO ATTENDS (TC, DH_DATE) VALUES (45678901234, '01-01-2024');
INSERT INTO ATTENDS (TC, DH_DATE) VALUES (56789012346, '01-01-2024');

INSERT INTO ATTENDS (TC, DH_DATE) VALUES (90123457890, '01-02-2024');
INSERT INTO ATTENDS (TC, DH_DATE) VALUES (11111111112, '01-02-2024');
INSERT INTO ATTENDS (TC, DH_DATE) VALUES (11111111113, '01-02-2024');
INSERT INTO ATTENDS (TC, DH_DATE) VALUES (11111111116, '01-02-2024');
INSERT INTO ATTENDS (TC, DH_DATE) VALUES (11111111115, '01-02-2024');
INSERT INTO ATTENDS (TC, DH_DATE) VALUES (11111111114, '01-02-2024');
INSERT INTO ATTENDS (TC, DH_DATE) VALUES (23456789012, '01-02-2024');
INSERT INTO ATTENDS (TC, DH_DATE) VALUES (34567890123, '01-02-2024');
INSERT INTO ATTENDS (TC, DH_DATE) VALUES (45678901234, '01-02-2024');
INSERT INTO ATTENDS (TC, DH_DATE) VALUES (56789012346, '01-02-2024');

-- Insert 20 Visitor data into Visitor table
INSERT INTO VISITOR (TC, NAME, SURNAME, VISIT_DATE, STD_TC) VALUES (23556890123, 'Halil', 'Atik', SYSDATE, 23416890123);
INSERT INTO VISITOR (TC, NAME, SURNAME, VISIT_DATE, STD_TC) VALUES (23466890123, 'Mesut', 'Çoban', SYSDATE, 20456890183);
INSERT INTO VISITOR (TC, NAME, SURNAME, VISIT_DATE, STD_TC) VALUES (21456890183, 'Hami', 'Yılmaz', SYSDATE, 23453890127);
INSERT INTO VISITOR (TC, NAME, SURNAME, VISIT_DATE, STD_TC) VALUES (26453890127, 'Kaan', 'Dinç', SYSDATE, 23656810123);
INSERT INTO VISITOR (TC, NAME, SURNAME, VISIT_DATE, STD_TC) VALUES (23656810123, 'Latife', 'Atik', SYSDATE, 23456890123);
INSERT INTO VISITOR (TC, NAME, SURNAME, VISIT_DATE, STD_TC) VALUES (29456890123, 'Ayşe', 'Çoban', SYSDATE, 23416890123);
INSERT INTO VISITOR (TC, NAME, SURNAME, VISIT_DATE, STD_TC) VALUES (23416890123, 'Hayriye', 'Yılmaz', SYSDATE, 20456890183);
INSERT INTO VISITOR (TC, NAME, SURNAME, VISIT_DATE, STD_TC) VALUES (20436890183, 'Feriha', 'Dinç', SYSDATE, 23453890127);
INSERT INTO VISITOR (TC, NAME, SURNAME, VISIT_DATE, STD_TC) VALUES (23463890127, 'Şerif', 'Bolat', SYSDATE, 12345689012);
INSERT INTO VISITOR (TC, NAME, SURNAME, VISIT_DATE, STD_TC) VALUES (23654810123, 'Melek', 'Bolat', SYSDATE, 12345689012);
INSERT INTO VISITOR (TC, NAME, SURNAME, VISIT_DATE, STD_TC) VALUES (23456890123, 'Hakan', 'Demir', SYSDATE, 11111111115);
INSERT INTO VISITOR (TC, NAME, SURNAME, VISIT_DATE, STD_TC) VALUES (23416790123, 'Aybala', 'Demir', SYSDATE, 11111111115);
INSERT INTO VISITOR (TC, NAME, SURNAME, VISIT_DATE, STD_TC) VALUES (20456390183, 'Besim', 'Toker', SYSDATE, 34567890123);
INSERT INTO VISITOR (TC, NAME, SURNAME, VISIT_DATE, STD_TC) VALUES (23453892127, 'Hediye', 'Toker', SYSDATE, 34567890123);
INSERT INTO VISITOR (TC, NAME, SURNAME, VISIT_DATE, STD_TC) VALUES (23656820123, 'Fethi', 'Çam', SYSDATE, 23456890123);
INSERT INTO VISITOR (TC, NAME, SURNAME, VISIT_DATE, STD_TC) VALUES (23456860123, 'Hasan', 'Cenk', SYSDATE, 11111111111);
INSERT INTO VISITOR (TC, NAME, SURNAME, VISIT_DATE, STD_TC) VALUES (23416840123, 'Mustafa', 'Kale', SYSDATE, 11111111114);
INSERT INTO VISITOR (TC, NAME, SURNAME, VISIT_DATE, STD_TC) VALUES (20455890183, 'Mehmet', 'Tunçer', SYSDATE, 90123457890);
INSERT INTO VISITOR (TC, NAME, SURNAME, VISIT_DATE, STD_TC) VALUES (23453890137, 'Cahit', 'Savaş', SYSDATE, 89012345789);
INSERT INTO VISITOR (TC, NAME, SURNAME, VISIT_DATE, STD_TC) VALUES (23656810120, 'Harun', 'Büyük', SYSDATE, 78901234678);

-- TASK Table
INSERT INTO TASK (TASK_DESCRIPTION) VALUES ('Attend Dormitory Meeting');
INSERT INTO TASK (TASK_DESCRIPTION) VALUES ('Clean A Room');
INSERT INTO TASK (TASK_DESCRIPTION) VALUES ('Submit Monthly Report');
INSERT INTO TASK (TASK_DESCRIPTION) VALUES ('Sweep the floor of Dining Hall');
INSERT INTO TASK (TASK_DESCRIPTION) VALUES ('Attend Fire Drill Training');
INSERT INTO TASK (TASK_DESCRIPTION) VALUES ('Sweep floor of a room');
INSERT INTO TASK (TASK_DESCRIPTION) VALUES ('Prepare Monthly Morning Menu');
INSERT INTO TASK (TASK_DESCRIPTION) VALUES ('Organize Sports Activities');
INSERT INTO TASK (TASK_DESCRIPTION) VALUES ('Join In Inspecting the Rooms');
INSERT INTO TASK (TASK_DESCRIPTION) VALUES ('Prepare Monthly Evening Menu');
INSERT INTO TASK (TASK_DESCRIPTION) VALUES ('Mop the floor of a room');
INSERT INTO TASK (TASK_DESCRIPTION) VALUES ('Prepare Weekly Report');
INSERT INTO TASK (TASK_DESCRIPTION) VALUES ('Prepare Weekly Bill for Dining Hall');
INSERT INTO TASK (TASK_DESCRIPTION) VALUES ('Repair the electrical fault');
INSERT INTO TASK (TASK_DESCRIPTION) VALUES ('Conduct Training Session');
INSERT INTO TASK (TASK_DESCRIPTION) VALUES ('Complete Research Assignment');
INSERT INTO TASK (TASK_DESCRIPTION) VALUES ('Organize Office Event');
INSERT INTO TASK (TASK_DESCRIPTION) VALUES ('Update Dormitory Website');
INSERT INTO TASK (TASK_DESCRIPTION) VALUES ('Provide group therapy for a room');
INSERT INTO TASK (TASK_DESCRIPTION) VALUES ('Throw Away Garbages');
INSERT INTO TASK (TASK_DESCRIPTION) VALUES ('Inspect prepared meals for today in the DiningHall');

-- Sample INSERT statements for TASKLOG table with assignment dates and completion dates having 1-5 days difference
INSERT INTO TASKLOG VALUES (1, '12/01/2023', '12/03/2023', 1, 2, NULL, NULL);
INSERT INTO TASKLOG VALUES (2, '12/01/2023', '12/05/2023', 2, 1, 2, NULL); 
INSERT INTO TASKLOG VALUES (3, '12/02/2023', '12/08/2023', 3, 3, NULL, NULL);
INSERT INTO TASKLOG VALUES (4, '12/24/2023', '01/01/2024', 4, 6, NULL, '01/01/2024');
INSERT INTO TASKLOG VALUES (5, '12/04/2023', '12/06/2023', 5, 16, NULL, NULL);
INSERT INTO TASKLOG VALUES (6, '12/06/2023', '12/13/2023', 6, 9, 12, NULL);
INSERT INTO TASKLOG VALUES (7, '12/08/2023', '12/11/2023', 7, 3, 7, NULL);
INSERT INTO TASKLOG VALUES (8, '12/09/2023', '12/09/2023', 8, 16, NULL, NULL);
INSERT INTO TASKLOG VALUES (9, '12/11/2023', '12/12/2023', 9, 13, 12, NULL);
INSERT INTO TASKLOG VALUES (10, '12/14/2023', '12/18/2023', 10, 2, 10, '01/10/2024');
INSERT INTO TASKLOG VALUES (11, '12/15/2023', '12/17/2023', 11, 19, 3, '01/11/2024');
INSERT INTO TASKLOG VALUES (12, '12/16/2023', '12/20/2023', 12, 13, 12, '01/12/2024');
INSERT INTO TASKLOG VALUES (13, '12/17/2023', '12/20/2023', 13, 10, NULL, '01/13/2024');
INSERT INTO TASKLOG VALUES (14, '12/18/2023', '12/18/2023', 14, 15, 14, NULL);
INSERT INTO TASKLOG VALUES (15, '12/19/2023', '12/20/2023', 15, 16, 15, '01/15/2024');
INSERT INTO TASKLOG VALUES (16, '12/20/2023', '12/21/2023', 16, 2, 16, '01/16/2024');
INSERT INTO TASKLOG VALUES (17, '12/21/2023', '12/21/2023', 17, 8, 17, '01/17/2024');
INSERT INTO TASKLOG VALUES (18, '12/21/2023', NULL, 18, 11, 18, '01/18/2024');
INSERT INTO TASKLOG VALUES (19, '12/22/2023', NULL, 19, 17, 8, NULL);
INSERT INTO TASKLOG VALUES (20, '12/22/2023', NULL, 20, 20, 11, '01/20/2024');
INSERT INTO TASKLOG VALUES (21, '12/22/2023', NULL, 21, 18, NULL, '01/20/2024');